name,rating,reviews,inStock,price
Hibiki Harmony,4,62,In Stock,£79.95
Yamazaki 12 Year Old,4,94,In Stock,£145
Nikka Coffey Grain Whisky,4,53,In Stock,£58.95
Yoichi Single Malt,4,10,In Stock,£77.75
Hakushu Distiller's Reserve,4,28,In Stock,£77.45
Miyagikyo Single Malt,4,10,In Stock,£78.45
Suntory Toki,4,35,In Stock,£33.95
Kaiyo Mizunara Oak Cask Strength,5,3,In Stock,£110
"Matsui Sakura
Kurayoshi Distillery",No rating,No review,In Stock,£136
Kaiyo Mizunara Oak,5,2,In Stock,£82.95
"Akashi 5 Year Old
Sherry Cask Half Litre",5,2,In Stock,£150
"Mars Komatgatake Edition
Bot.2021",No rating,No review,In Stock,£145
"Shizuoka Single Malt Prologue K and Prologue W
2x20cl",No rating,No review,In Stock,£199
"The House of Suntory Triology Pack
3x20cl",No rating,No review,In Stock,£44.95
"Matsui Mizunara
Kurayoshi Distillery",No rating,No review,In Stock,£134
"Ichiro's Malt & Grain
World Blended Whisky 2020 Blue Label",5,1,In Stock,£195
Kaiyo Peated Mizunara Oak,No rating,No review,In Stock,£99.95
Ichiro's Malt Double Distilleries 2021,2,1,In Stock,£299
"Matsui Peated
Kurayoshi Distillery",No rating,No review,In Stock,£131
"Shizuoka Contact S Single Malt
3 Year Old",No rating,No review,In Stock,£175
"Karuizawa 29 Year Old
Aika Geisha Bourbon Cask #8897",No rating,No review,In Stock,"£27,500"
"Karuizawa 30 Year Old
First Geisha Bourbon Cask #8606",No rating,No review,In Stock,"£18,000"
Shirakawa 1958,5,1,In Stock,"£25,000"
"Karuizawa 34 Year Old Cask #3668
Ruby Geisha",No rating,No review,In Stock,"£28,000"
"Yamazaki Mizunara
Bot.2011",No rating,No review,In Stock,"£7,500"
"Karuizawa 31 Year Old
Sapphire Geisha",No rating,No review,In Stock,"£27,500"
"Ichiro's Malt & Grain
Japanese Blended Whisky 2019",No rating,No review,In Stock,"£2,750"
"Ichiro's Malt & Grain
Japanese Blended Whisky 2021",No rating,No review,In Stock,"£2,250"
"Karuizawa 38 Year Old
Pearl Geisha",No rating,No review,In Stock,"£37,500"
Chichibu London Edition 2018,5,5,In Stock,"£1,000"
"Yamazaki Mizunara 18 Year Old
2017 Edition",No rating,No review,In Stock,"£10,000"
"Karuizawa 1970
Cask 1985",No rating,No review,In Stock,"£30,000"
"Karuizawa 1984
Bot.2014 Sherry Cask #3657",No rating,No review,In Stock,"£15,000"
"Karuizawa 1983
Bot.2014 Sherry Cask",5,2,In Stock,"£15,000"
"Karuizawa 1981
Bot.2014 Sherry Cask",No rating,No review,In Stock,"£15,000"
"Karuizawa 1984
29 Years Old Sherry Cask #3662",No rating,No review,In Stock,"£15,000"
"Karuizawa 1984
Bot.2013 Sherry Cask #3663",5,1,In Stock,"£15,000"
"Karuizawa 1981
Sherry Cask #6056",No rating,No review,In Stock,"£17,500"
"Suntory Hibiki 12 Year Old
Half Litre",5,15,In Stock,£675
Suntory Hibiki 12 Year Old,4,44,In Stock,£950
"Karuizawa 1981
Cask #103",No rating,No review,In Stock,"£15,000"
